1,8ed6cb5e-8104-4e89-9121-0ecb99b32c06,579ea761-93a7-4260-8ff7-bfa5de09db51
1,0de1f7d7-f8a5-4f6b-97fd-85a7e6edcc38,e3f4bbd8-5604-4210-a8e6-cc83297c961b
1,2e6a3179-3d87-4c5b-bc8d-75ae5f0e5c96,fa3ff456-b94a-455f-9d69-b1b0fd84e6cb
1,2967c969-c967-4a85-9fc5-5e0214f2c65f,3ccfc5ec-1cf9-4708-9848-4ff5977ce69a
1,9d1c03bb-f9aa-48ae-a86f-7d1ac90e4b6e,1d7d0eb6-c6cd-44ac-9d8f-5e62fcb7ee71
1,64b5377c-79c3-4a8d-bbc5-cb0d6b7c7f1b,4b573785-d66c-4374-8b1a-7072a6a8d6c3
1,11167886-f57d-45dd-b5e1-c7b42d7938c7,a6105f29-1c27-4dd5-a376-9f56612309ae
1,d325da0a-2c40-41c6-8c66-661418f0f5a4,f52f28e5-7b23-4093-9858-7d3ae42c5a23
2,3ccfc5ec-1cf9-4708-9848-4ff5977ce69a,8ed6cb5e-8104-4e89-9121-0ecb99b32c06
2,fa3ff456-b94a-455f-9d69-b1b0fd84e6cb,11167886-f57d-45dd-b5e1-c7b42d7938c7
2,579ea761-93a7-4260-8ff7-bfa5de09db51,9d1c03bb-f9aa-48ae-a86f-7d1ac90e4b6e
2,a6105f29-1c27-4dd5-a376-9f56612309ae,2e6a3179-3d87-4c5b-bc8d-75ae5f0e5c96
2,e3f4bbd8-5604-4210-a8e6-cc83297c961b,64b5377c-79c3-4a8d-bbc5-cb0d6b7c7f1b
2,1d7d0eb6-c6cd-44ac-9d8f-5e62fcb7ee71,2967c969-c967-4a85-9fc5-5e0214f2c65f
2,4b573785-d66c-4374-8b1a-7072a6a8d6c3,d325da0a-2c40-41c6-8c66-661418f0f5a4
2,f52f28e5-7b23-4093-9858-7d3ae42c5a23,0de1f7d7-f8a5-4f6b-97fd-85a7e6edcc38
3,1d7d0eb6-c6cd-44ac-9d8f-5e62fcb7ee71,a6105f29-1c27-4dd5-a376-9f56612309ae
3,e3f4bbd8-5604-4210-a8e6-cc83297c961b,8ed6cb5e-8104-4e89-9121-0ecb99b32c06
3,d325da0a-2c40-41c6-8c66-661418f0f5a4,64b5377c-79c3-4a8d-bbc5-cb0d6b7c7f1b
3,11167886-f57d-45dd-b5e1-c7b42d7938c7,3ccfc5ec-1cf9-4708-9848-4ff5977ce69a
3,0de1f7d7-f8a5-4f6b-97fd-85a7e6edcc38,4b573785-d66c-4374-8b1a-7072a6a8d6c3
3,2e6a3179-3d87-4c5b-bc8d-75ae5f0e5c96,579ea761-93a7-4260-8ff7-bfa5de09db51
3,9d1c03bb-f9aa-48ae-a86f-7d1ac90e4b6e,fa3ff456-b94a-455f-9d69-b1b0fd84e6cb
3,2967c969-c967-4a85-9fc5-5e0214f2c65f,f52f28e5-7b23-4093-9858-7d3ae42c5a23
4,a6105f29-1c27-4dd5-a376-9f56612309ae,9d1c03bb-f9aa-48ae-a86f-7d1ac90e4b6e
4,8ed6cb5e-8104-4e89-9121-0ecb99b32c06,d325da0a-2c40-41c6-8c66-661418f0f5a4
4,64b5377c-79c3-4a8d-bbc5-cb0d6b7c7f1b,0de1f7d7-f8a5-4f6b-97fd-85a7e6edcc38
4,579ea761-93a7-4260-8ff7-bfa5de09db51,2967c969-c967-4a85-9fc5-5e0214f2c65f
4,3ccfc5ec-1cf9-4708-9848-4ff5977ce69a,2e6a3179-3d87-4c5b-bc8d-75ae5f0e5c96
4,fa3ff456-b94a-455f-9d69-b1b0fd84e6cb,1d7d0eb6-c6cd-44ac-9d8f-5e62fcb7ee71
4,4b573785-d66c-4374-8b1a-7072a6a8d6c3,11167886-f57d-45dd-b5e1-c7b42d7938c7
4,f52f28e5-7b23-4093-9858-7d3ae42c5a23,e3f4bbd8-5604-4210-a8e6-cc83297c961b
5,1d7d0eb6-c6cd-44ac-9d8f-5e62fcb7ee71,579ea761-93a7-4260-8ff7-bfa5de09db51
5,2e6a3179-3d87-4c5b-bc8d-75ae5f0e5c96,f52f28e5-7b23-4093-9858-7d3ae42c5a23
5,11167886-f57d-45dd-b5e1-c7b42d7938c7,64b5377c-79c3-4a8d-bbc5-cb0d6b7c7f1b
5,e3f4bbd8-5604-4210-a8e6-cc83297c961b,4b573785-d66c-4374-8b1a-7072a6a8d6c3
5,0de1f7d7-f8a5-4f6b-97fd-85a7e6edcc38,3ccfc5ec-1cf9-4708-9848-4ff5977ce69a
5,2967c969-c967-4a85-9fc5-5e0214f2c65f,fa3ff456-b94a-455f-9d69-b1b0fd84e6cb
5,9d1c03bb-f9aa-48ae-a86f-7d1ac90e4b6e,8ed6cb5e-8104-4e89-9121-0ecb99b32c06
5,d325da0a-2c40-41c6-8c66-661418f0f5a4,a6105f29-1c27-4dd5-a376-9f56612309ae